CA-2014-AB10015140-41954;18/04/2021;AB-100151402
IN-2014-JR162107-41675;13/07/2020;JR-162107
IN-2014-CR127307-41929;24/03/2021;CR-127307
ES-2014-KM1637548-41667;05/07/2020;KM-1637548
SG-2014-RH9495111-41948;12/04/2021;RH-9495111
IN-2014-JM156557-41818;03/12/2020;JM-156557
IN-2012-TS2134092-41219;14/04/2019;TS-2134092
IN-2013-MB1808592-41378;20/09/2019;MB-1808592
CA-2012-AB10015140-40974;12/08/2018;AB-100151404
ID-2013-AJ107801-41383;25/09/2019;AJ-107801
SA-2012-MM7260110-41269;03/06/2019;MM-7260110
MX-2013-VF2171518-41591;20/04/2020;VF-2171518
IN-2014-PF1912027-41796;11/11/2020;PF-1912027
ES-2015-BP1118545-42216;05/01/2022;BP-1118545
CA-2012-AB10015140-40958;27/07/2018;AB-100151402
ES-2015-PJ1883564-42255;13/02/2022;PJ-1883564
IN-2015-JS156857-42035;08/07/2021;JS-156857
TZ-2015-RH9555129-42343;12/05/2022;RH-9555129
PL-2013-AB600103-41494;14/01/2020;AB-600103
IN-2012-JK1532527-41030;07/10/2018;JK-1532527
;;
;;
;;
;;
;;
;;
;;
;;
;;
;;
;;
;;
;;
;;
;;
;;
;;
;;
;;
;;
;;
;;
;;
;;
;;
;;
;;
;;
;;
;;
;;
;;
;;
;;
;;
;;
;;
;;
;;
;;
;;
;;
;;
;;
;;
;;
;;
;;
;;
;;
;;
;;
;;
;;
;;
;;
;;
;;
;;
;;
;;
;;
;;
;;
;;
;;
;;
;;
;;
;;
;;
;;
;;
;;
;;
;;
;;
;;
;;
;;
;;
;;
;;
;;
;;
;;
;;
;;
;;
;;
;;
;;
;;
;;
;;
;;
;;
;;
;;
;;
;;
;;
;;
;;
;;
;;
;;
;;
;;
;;
;;
;;
;;
;;
;;
;;
;;
;;
;;
;;
;;
;;
;;
;;
;;
;;
;;
;;
;;
;;
;;
;;
;;
;;
;;
;;
;;
;;
;;
;;
;;
;;
;;
;;
;;
;;
;;
;;
;;
;;
;;
;;
;;
;;
;;
;;
;;
;;
;;
;;
;;
;;
;;
;;
;;
;;
;;
;;
;;
;;
;;
;;
;;
;;
;;
;;
;;
;;
